ra,dec,clon,clat,oid,fid,transient_flag,astrometricrms,bestastrometricrms,bestchisq,bestcon,bestlineartrend,bestmagrms,bestmaxmag,bestmaxslope,bestmeanmag,bestmedianabsdev,bestmedianmag,bestminmag,bestnabovemeanbystd_1,bestnabovemeanbystd_3,bestnabovemeanbystd_5,bestnbelowmeanbystd_1,bestnbelowmeanbystd_3,bestnbelowmeanbystd_5,bestnconsecabovemeanbystd_1,bestnconsecabovemeanbystd_3,bestnconsecabovemeanbystd_5,bestnconsecbelowmeanbystd_1,bestnconsecbelowmeanbystd_3,bestnconsecbelowmeanbystd_5,bestnconsecfrommeanbystd_1,bestnconsecfrommeanbystd_3,bestnconsecfrommeanbystd_5,bestnmedianbufferrange,bestnpairposslope,bestpercentiles_05,bestpercentiles_10,bestpercentiles_175,bestpercentiles_25,bestpercentiles_325,bestpercentiles_40,bestpercentiles_60,bestpercentiles_675,bestpercentiles_75,bestpercentiles_825,bestpercentiles_90,bestpercentiles_95,bestskewness,bestsmallkurtosis,beststetsonj,beststetsonk,bestvonneumannratio,bestweightedmagrms,bestweightedmeanmag,chisq,con,lineartrend,magrms,maxmag,maxslope,meanmag,medianabsdev,medianmag,minmag,nabovemeanbystd_1,nabovemeanbystd_3,nabovemeanbystd_5,nbelowmeanbystd_1,nbelowmeanbystd_3,nbelowmeanbystd_5,nconsecabovemeanbystd_1,nconsecabovemeanbystd_3,nconsecabovemeanbystd_5,nconsecbelowmeanbystd_1,nconsecbelowmeanbystd_3,nconsecbelowmeanbystd_5,nconsecfrommeanbystd_1,nconsecfrommeanbystd_3,nconsecfrommeanbystd_5,nmedianbufferrange,npairposslope,nbestobs,ngoodobs,nobs,percentiles_05,percentiles_10,percentiles_175,percentiles_25,percentiles_325,percentiles_40,percentiles_60,percentiles_675,percentiles_75,percentiles_825,percentiles_90,percentiles_95,referencemag,referencemagerr,referencemumax,skewness,smallkurtosis,stetsonj,stetsonk,uncalibmeanmag,vonneumannratio,weightedmagrms,weightedmeanmag,dist,angle,id
221.717,58.153,b'14h46m52.10s',b'58d09m11.24s',b'49682005015172',b'2',1,2.823096e-06,2.823096e-06,2.469,1.0,0.0003872982,0.148,20.164,0.026,19.944,0.031,19.888,19.838,0,0,0,1,0,0,0,0,0,0,0,0,0,0,0,0,1,19.86,19.849,19.844,19.842,19.841,19.841,19.84,19.84,19.839,19.839,19.839,19.839,0.683,92.952,0.862,0.797,2.364,0.163,19.932,2.469,1.0,0.0003872982,0.148,20.164,0.026,19.944,0.031,19.888,19.838,0,0,0,1,0,0,0,0,0,0,0,0,0,0,0,0,1,4,4,4,19.86,19.849,19.844,19.842,19.841,19.841,19.84,19.84,19.839,19.839,19.839,19.839,0.0,0.0,0.0,0.683,92.952,0.862,0.797,19.919,2.364,0.163,19.932,4.566915,107.385051,b'0'
221.716,58.153,b'14h46m51.88s',b'58d09m11.39s',b'49682005033715',b'2',1,-99.0,-99.0,-99.0,-99.0,-99.0,-99.0,-99.0,-99.0,-99.0,-99.0,-99.0,-99.0,-99,-99,-99,-99,-99,-99,-99,-99,-99,-99,-99,-99,-99,-99,-99,-99,-99,-99.0,-99.0,-99.0,-99.0,-99.0,-99.0,-99.0,-99.0,-99.0,-99.0,-99.0,-99.0,-99.0,-99.0,-99.0,-99.0,-99.0,-99.0,-99.0,-99.0,-99.0,-99.0,-99.0,-99.0,-99.0,-99.0,-99.0,-99.0,-99.0,-99,-99,-99,-99,-99,-99,-99,-99,-99,-99,-99,-99,-99,-99,-99,-99,-99,0,1,1,-99.0,-99.0,-99.0,-99.0,-99.0,-99.0,-99.0,-99.0,-99.0,-99.0,-99.0,-99.0,-99.0,-99.0,-99.0,-99.0,-99.0,-99.0,-99.0,-99.0,-99.0,-99.0,-99.0,2.899251,114.740163,b'1'
221.716,58.152,b'14h46m51.90s',b'58d09m08.92s',b'49682005031696',b'2',1,-99.0,-99.0,-99.0,-99.0,-99.0,-99.0,-99.0,-99.0,-99.0,-99.0,-99.0,-99.0,-99,-99,-99,-99,-99,-99,-99,-99,-99,-99,-99,-99,-99,-99,-99,-99,-99,-99.0,-99.0,-99.0,-99.0,-99.0,-99.0,-99.0,-99.0,-99.0,-99.0,-99.0,-99.0,-99.0,-99.0,-99.0,-99.0,-99.0,-99.0,-99.0,-99.0,-99.0,-99.0,-99.0,-99.0,-99.0,-99.0,-99.0,-99.0,-99.0,-99,-99,-99,-99,-99,-99,-99,-99,-99,-99,-99,-99,-99,-99,-99,-99,-99,2,2,2,-99.0,-99.0,-99.0,-99.0,-99.0,-99.0,-99.0,-99.0,-99.0,-99.0,-99.0,-99.0,-99.0,-99.0,-99.0,-99.0,-99.0,-99.0,-99.0,-99.0,-99.0,-99.0,-99.0,4.600097,143.104112,b'2'
221.715,58.153,b'14h46m51.67s',b'58d09m10.51s',b'49682005031017',b'2',1,-99.0,-99.0,-99.0,-99.0,-99.0,-99.0,-99.0,-99.0,-99.0,-99.0,-99.0,-99.0,-99,-99,-99,-99,-99,-99,-99,-99,-99,-99,-99,-99,-99,-99,-99,-99,-99,-99.0,-99.0,-99.0,-99.0,-99.0,-99.0,-99.0,-99.0,-99.0,-99.0,-99.0,-99.0,-99.0,-99.0,-99.0,-99.0,-99.0,-99.0,-99.0,-99.0,-99.0,-99.0,-99.0,-99.0,-99.0,-99.0,-99.0,-99.0,-99.0,-99,-99,-99,-99,-99,-99,-99,-99,-99,-99,-99,-99,-99,-99,-99,-99,-99,1,1,1,-99.0,-99.0,-99.0,-99.0,-99.0,-99.0,-99.0,-99.0,-99.0,-99.0,-99.0,-99.0,-99.0,-99.0,-99.0,-99.0,-99.0,-99.0,-99.0,-99.0,-99.0,-99.0,-99.0,2.30325,155.276327,b'3'
117.377,28.087,b'07h49m30.59s',b'28d05m11.54s',b'1001122015025851',b'2',1,-99.0,-99.0,-99.0,-99.0,-99.0,-99.0,-99.0,-99.0,-99.0,-99.0,-99.0,-99.0,-99,-99,-99,-99,-99,-99,-99,-99,-99,-99,-99,-99,-99,-99,-99,-99,-99,-99.0,-99.0,-99.0,-99.0,-99.0,-99.0,-99.0,-99.0,-99.0,-99.0,-99.0,-99.0,-99.0,-99.0,-99.0,-99.0,-99.0,-99.0,-99.0,-99.0,-99.0,-99.0,-99.0,-99.0,-99.0,-99.0,-99.0,-99.0,-99.0,-99,-99,-99,-99,-99,-99,-99,-99,-99,-99,-99,-99,-99,-99,-99,-99,-99,1,1,1,-99.0,-99.0,-99.0,-99.0,-99.0,-99.0,-99.0,-99.0,-99.0,-99.0,-99.0,-99.0,-99.0,-99.0,-99.0,-99.0,-99.0,-99.0,-99.0,-99.0,-99.0,-99.0,-99.0,0.762608,220.168267,b'0'
117.378,28.086,b'07h49m30.67s',b'28d05m10.11s',b'1001122010005075',b'2',0,1.502008e-06,1.502008e-06,3.207,1.0,5.725242e-05,0.217,20.629,26.604,19.947,0.114,19.906,19.385,11,0,0,29,1,0,0,0,0,0,0,0,0,0,0,46,15,19.798,19.714,19.66,19.587,19.56,19.536,19.515,19.515,19.514,19.506,19.498,19.494,0.486,24.718,0.55,0.789,1.772,0.188,19.907,3.161,1.0,6.154417e-05,0.218,20.629,26.604,19.947,0.118,19.906,19.385,12,0,0,30,1,0,0,0,0,0,0,0,0,0,0,46,15,152,156,157,19.795,19.71,19.665,19.589,19.564,19.538,19.515,19.515,19.514,19.508,19.5,19.496,19.813,0.02,22.206,0.476,24.045,0.55,0.792,19.947,1.777,0.188,19.907,2.101523,162.50519,b'1'
117.378,28.086,b'07h49m30.66s',b'28d05m10.04s',b'1001121010001541',b'1',0,2.402886e-06,2.402886e-06,1.328,1.0,-2.381999e-05,0.2,21.45,16.7,20.922,0.169,20.926,20.533,7,0,0,10,0,0,0,0,0,0,0,0,0,0,0,6,13,20.731,20.694,20.661,20.643,20.641,20.64,20.611,20.602,20.595,20.59,20.585,20.582,0.285,2.076,0.053,0.836,1.816,0.196,20.903,1.365,1.0,9.238035e-06,0.202,21.45,16.7,20.911,0.163,20.904,20.533,5,0,0,10,0,0,0,0,0,0,0,0,0,0,0,4,13,45,47,50,20.716,20.687,20.642,20.634,20.62,20.611,20.589,20.583,20.578,20.573,20.57,20.568,20.951,0.089,23.479,0.32,2.23,0.095,0.847,20.916,1.746,0.196,20.891,2.141782,166.794194,b'2'
226.410,30.028,b'15h05m38.35s',b'30d01m40.24s',b'40672070004644',b'2',0,-99.0,-99.0,-99.0,-99.0,-99.0,-99.0,-99.0,-99.0,-99.0,-99.0,-99.0,-99.0,-99,-99,-99,-99,-99,-99,-99,-99,-99,-99,-99,-99,-99,-99,-99,-99,-99,-99.0,-99.0,-99.0,-99.0,-99.0,-99.0,-99.0,-99.0,-99.0,-99.0,-99.0,-99.0,-99.0,-99.0,-99.0,-99.0,-99.0,-99.0,-99.0,-99.0,-99.0,-99.0,-99.0,-99.0,-99.0,-99.0,-99.0,-99.0,-99.0,-99,-99,-99,-99,-99,-99,-99,-99,-99,-99,-99,-99,-99,-99,-99,-99,-99,3,3,3,-99.0,-99.0,-99.0,-99.0,-99.0,-99.0,-99.0,-99.0,-99.0,-99.0,-99.0,-99.0,-99.0,-99.0,-99.0,-99.0,-99.0,-99.0,-99.0,-99.0,-99.0,-99.0,-99.0,3.097573,114.434593,b'0'
322.750,12.177,b'21h30m59.92s',b'12d10m36.22s',b'33132080010493',b'2',0,4.537811e-07,4.537811e-07,21.051,1.0,-2.763562e-05,0.024,14.763,0.761,14.738,0.009,14.752,14.673,7,0,0,0,0,0,0,0,0,0,0,0,0,0,0,2,15,14.716,14.703,14.701,14.698,14.696,14.692,14.685,14.684,14.683,14.682,14.681,14.681,-0.873,1464.921,4.106,0.85,1.252,0.025,14.739,17.793,1.0,-2.787378e-05,0.087,15.04,6.2,14.739,0.013,14.753,14.298,1,1,1,1,1,0,0,0,0,0,0,0,0,0,0,33,15,34,43,62,14.715,14.701,14.697,14.688,14.679,14.674,14.56,14.531,14.508,14.489,14.473,14.464,14.776,0.013,16.725,-2.09,1159.105,4.01,0.824,15.924,1.918,0.025,14.74,3.713356,25.900774,b'0'
322.750,12.177,b'21h30m59.92s',b'12d10m36.21s',b'33131080005363',b'1',0,2.118816e-07,2.118816e-07,1.105,1.0,9.096986e-05,0.006,15.254,0.044,15.245,0.004,15.244,15.237,1,0,0,3,0,0,0,0,0,0,0,0,0,0,0,2,4,15.24,15.239,15.238,15.238,15.237,15.237,15.237,15.237,15.237,15.237,15.237,15.237,0.181,-0.48,-0.08,0.853,1.518,0.005,15.244,8.121,1.0,0.0002818252,0.043,15.254,0.044,15.232,0.004,15.244,15.102,1,1,0,0,0,0,0,0,0,0,0,0,0,0,0,8,4,10,11,11,15.239,15.237,15.179,15.156,15.143,15.136,15.125,15.122,15.12,15.118,15.117,15.116,15.401,0.051,17.563,-2.395,-0.48,-0.089,0.866,15.349,2.178,0.005,15.244,3.689291,25.482372,b'1'
322.748,12.176,b'21h30m59.50s',b'12d10m32.39s',b'33132080010516',b'2',0,-99.0,-99.0,-99.0,-99.0,-99.0,-99.0,-99.0,-99.0,-99.0,-99.0,-99.0,-99.0,-99,-99,-99,-99,-99,-99,-99,-99,-99,-99,-99,-99,-99,-99,-99,-99,-99,-99.0,-99.0,-99.0,-99.0,-99.0,-99.0,-99.0,-99.0,-99.0,-99.0,-99.0,-99.0,-99.0,-99.0,-99.0,-99.0,-99.0,-99.0,-99.0,-99.0,-99.0,-99.0,-99.0,-99.0,-99.0,-99.0,-99.0,-99.0,-99.0,-99,-99,-99,-99,-99,-99,-99,-99,-99,-99,-99,-99,-99,-99,-99,-99,-99,0,0,46,-99.0,-99.0,-99.0,-99.0,-99.0,-99.0,-99.0,-99.0,-99.0,-99.0,-99.0,-99.0,-99.0,-99.0,-99.0,-99.0,-99.0,-99.0,-99.0,-99.0,-99.0,-99.0,-99.0,4.597808,263.886766,b'2'
117.770,16.422,b'07h51m04.86s',b'16d25m18.27s',b'34592065010059',b'2',1,-99.0,-99.0,-99.0,-99.0,-99.0,-99.0,-99.0,-99.0,-99.0,-99.0,-99.0,-99.0,-99,-99,-99,-99,-99,-99,-99,-99,-99,-99,-99,-99,-99,-99,-99,-99,-99,-99.0,-99.0,-99.0,-99.0,-99.0,-99.0,-99.0,-99.0,-99.0,-99.0,-99.0,-99.0,-99.0,-99.0,-99.0,-99.0,-99.0,-99.0,-99.0,-99.0,-99.0,-99.0,-99.0,-99.0,-99.0,-99.0,-99.0,-99.0,-99.0,-99,-99,-99,-99,-99,-99,-99,-99,-99,-99,-99,-99,-99,-99,-99,-99,-99,1,1,1,-99.0,-99.0,-99.0,-99.0,-99.0,-99.0,-99.0,-99.0,-99.0,-99.0,-99.0,-99.0,-99.0,-99.0,-99.0,-99.0,-99.0,-99.0,-99.0,-99.0,-99.0,-99.0,-99.0,0.884221,7.866038,b'0'
239.737,22.009,b'15h58m56.86s',b'22d00m32.60s',b'1001031020002555',b'1',0,3.338403e-06,3.338403e-06,0.356,1.0,-0.0003322749,0.138,21.677,0.001,21.539,0.098,21.553,21.373,1,0,0,0,0,0,0,0,0,0,0,0,0,0,0,0,2,21.439,21.406,21.392,21.387,21.383,21.382,21.379,21.378,21.378,21.377,21.377,21.377,-0.143,-12.178,-0.809,0.949,0.927,0.131,21.552,0.356,1.0,-0.0003322749,0.138,21.677,0.001,21.539,0.098,21.553,21.373,1,0,0,0,0,0,0,0,0,0,0,0,0,0,0,0,2,4,4,4,21.439,21.406,21.392,21.387,21.383,21.382,21.379,21.378,21.378,21.377,21.377,21.377,21.552,0.048,24.141,-0.143,-12.178,-0.809,0.949,-99.0,0.927,0.131,21.552,4.547288,170.024539,b'0'
239.737,22.009,b'15h58m56.87s',b'22d00m32.65s',b'36922010006496',b'2',0,2.246159e-06,2.246159e-06,2.468,1.0,4.13813e-05,0.268,21.705,23.727,20.804,0.168,20.793,20.113,19,0,0,28,1,0,0,0,0,0,0,0,0,0,0,39,18,20.593,20.485,20.442,20.398,20.379,20.33,20.267,20.261,20.256,20.25,20.237,20.229,0.38,16.157,0.447,0.791,2.068,0.255,20.764,2.439,1.0,4.119249e-05,0.266,21.705,23.727,20.804,0.165,20.793,20.113,20,0,0,28,1,0,0,0,0,0,0,0,0,0,0,41,18,164,166,190,20.597,20.486,20.444,20.4,20.379,20.333,20.268,20.262,20.257,20.252,20.238,20.23,20.673,0.027,23.304,0.387,15.917,0.427,0.789,-99.0,2.044,0.253,20.764,4.526685,168.215867,b'1'
239.737,22.009,b'15h58m56.88s',b'22d00m32.59s',b'1001032020004119',b'2',0,2.09683e-06,2.09683e-06,3.064,1.0,-2.869839e-06,0.275,21.473,412.548,20.754,0.181,20.757,19.334,7,1,1,16,0,0,0,0,0,0,0,0,0,0,0,33,15,20.547,20.473,20.425,20.409,20.381,20.363,20.346,20.345,20.345,20.344,20.344,20.343,-0.989,125.93,0.52,0.713,2.098,0.287,20.722,3.064,1.0,-2.869839e-06,0.275,21.473,412.548,20.754,0.181,20.757,19.334,7,1,1,16,0,0,0,0,0,0,0,0,0,0,0,33,15,100,100,128,20.547,20.473,20.425,20.409,20.381,20.363,20.346,20.345,20.345,20.344,20.344,20.343,20.666,0.027,23.095,-0.989,125.93,0.52,0.713,22.102,2.098,0.287,20.722,4.608645,166.808819,b'2'
241.465,4.699,b'16h05m51.56s',b'04d41m57.06s',b'1300052055002671',b'2',1,-99.0,-99.0,-99.0,-99.0,-99.0,-99.0,-99.0,-99.0,-99.0,-99.0,-99.0,-99.0,-99,-99,-99,-99,-99,-99,-99,-99,-99,-99,-99,-99,-99,-99,-99,-99,-99,-99.0,-99.0,-99.0,-99.0,-99.0,-99.0,-99.0,-99.0,-99.0,-99.0,-99.0,-99.0,-99.0,-99.0,-99.0,-99.0,-99.0,-99.0,-99.0,-99.0,-99.0,-99.0,-99.0,-99.0,-99.0,-99.0,-99.0,-99.0,-99.0,-99,-99,-99,-99,-99,-99,-99,-99,-99,-99,-99,-99,-99,-99,-99,-99,-99,1,1,1,-99.0,-99.0,-99.0,-99.0,-99.0,-99.0,-99.0,-99.0,-99.0,-99.0,-99.0,-99.0,-99.0,-99.0,-99.0,-99.0,-99.0,-99.0,-99.0,-99.0,-99.0,-99.0,-99.0,3.850729,50.277462,b'0'
261.747,26.947,b'17h26m59.24s',b'26d56m50.54s',b'39842095017857',b'2',1,-99.0,-99.0,-99.0,-99.0,-99.0,-99.0,-99.0,-99.0,-99.0,-99.0,-99.0,-99.0,-99,-99,-99,-99,-99,-99,-99,-99,-99,-99,-99,-99,-99,-99,-99,-99,-99,-99.0,-99.0,-99.0,-99.0,-99.0,-99.0,-99.0,-99.0,-99.0,-99.0,-99.0,-99.0,-99.0,-99.0,-99.0,-99.0,-99.0,-99.0,-99.0,-99.0,-99.0,-99.0,-99.0,-99.0,-99.0,-99.0,-99.0,-99.0,-99.0,-99,-99,-99,-99,-99,-99,-99,-99,-99,-99,-99,-99,-99,-99,-99,-99,-99,0,0,1,-99.0,-99.0,-99.0,-99.0,-99.0,-99.0,-99.0,-99.0,-99.0,-99.0,-99.0,-99.0,-99.0,-99.0,-99.0,-99.0,-99.0,-99.0,-99.0,-99.0,-99.0,-99.0,-99.0,3.73986,127.277509,b'0'
0.028,-0.783,b'00h00m06.75s',b'-00d46m57.37s',b'26962055009133',b'2',1,-99.0,-99.0,-99.0,-99.0,-99.0,-99.0,-99.0,-99.0,-99.0,-99.0,-99.0,-99.0,-99,-99,-99,-99,-99,-99,-99,-99,-99,-99,-99,-99,-99,-99,-99,-99,-99,-99.0,-99.0,-99.0,-99.0,-99.0,-99.0,-99.0,-99.0,-99.0,-99.0,-99.0,-99.0,-99.0,-99.0,-99.0,-99.0,-99.0,-99.0,-99.0,-99.0,-99.0,-99.0,-99.0,-99.0,-99.0,-99.0,-99.0,-99.0,-99.0,-99,-99,-99,-99,-99,-99,-99,-99,-99,-99,-99,-99,-99,-99,-99,-99,-99,0,1,2,-99.0,-99.0,-99.0,-99.0,-99.0,-99.0,-99.0,-99.0,-99.0,-99.0,-99.0,-99.0,-99.0,-99.0,-99.0,-99.0,-99.0,-99.0,-99.0,-99.0,-99.0,-99.0,-99.0,3.540421,182.271776,b'0'
0.029,-0.782,b'00h00m06.88s',b'-00d46m54.17s',b'26962055000231',b'2',1,-99.0,-99.0,-99.0,-99.0,-99.0,-99.0,-99.0,-99.0,-99.0,-99.0,-99.0,-99.0,-99,-99,-99,-99,-99,-99,-99,-99,-99,-99,-99,-99,-99,-99,-99,-99,-99,-99.0,-99.0,-99.0,-99.0,-99.0,-99.0,-99.0,-99.0,-99.0,-99.0,-99.0,-99.0,-99.0,-99.0,-99.0,-99.0,-99.0,-99.0,-99.0,-99.0,-99.0,-99.0,-99.0,-99.0,-99.0,-99.0,-99.0,-99.0,-99.0,-99,-99,-99,-99,-99,-99,-99,-99,-99,-99,-99,-99,-99,-99,-99,-99,-99,0,1,3,-99.0,-99.0,-99.0,-99.0,-99.0,-99.0,-99.0,-99.0,-99.0,-99.0,-99.0,-99.0,-99.0,-99.0,-99.0,-99.0,-99.0,-99.0,-99.0,-99.0,-99.0,-99.0,-99.0,1.796452,100.747661,b'1'
0.029,-0.781,b'00h00m07.07s',b'-00d46m52.31s',b'26962055004929',b'2',1,-99.0,-99.0,-99.0,-99.0,-99.0,-99.0,-99.0,-99.0,-99.0,-99.0,-99.0,-99.0,-99,-99,-99,-99,-99,-99,-99,-99,-99,-99,-99,-99,-99,-99,-99,-99,-99,-99.0,-99.0,-99.0,-99.0,-99.0,-99.0,-99.0,-99.0,-99.0,-99.0,-99.0,-99.0,-99.0,-99.0,-99.0,-99.0,-99.0,-99.0,-99.0,-99.0,-99.0,-99.0,-99.0,-99.0,-99.0,-99.0,-99.0,-99.0,-99.0,-99,-99,-99,-99,-99,-99,-99,-99,-99,-99,-99,-99,-99,-99,-99,-99,-99,0,1,2,-99.0,-99.0,-99.0,-99.0,-99.0,-99.0,-99.0,-99.0,-99.0,-99.0,-99.0,-99.0,-99.0,-99.0,-99.0,-99.0,-99.0,-99.0,-99.0,-99.0,-99.0,-99.0,-99.0,4.866995,71.764513,b'2'
0.029,-0.782,b'00h00m07.06s',b'-00d46m54.88s',b'26962055004477',b'2',1,-99.0,-99.0,-99.0,-99.0,-99.0,-99.0,-99.0,-99.0,-99.0,-99.0,-99.0,-99.0,-99,-99,-99,-99,-99,-99,-99,-99,-99,-99,-99,-99,-99,-99,-99,-99,-99,-99.0,-99.0,-99.0,-99.0,-99.0,-99.0,-99.0,-99.0,-99.0,-99.0,-99.0,-99.0,-99.0,-99.0,-99.0,-99.0,-99.0,-99.0,-99.0,-99.0,-99.0,-99.0,-99.0,-99.0,-99.0,-99.0,-99.0,-99.0,-99.0,-99,-99,-99,-99,-99,-99,-99,-99,-99,-99,-99,-99,-99,-99,-99,-99,-99,0,1,2,-99.0,-99.0,-99.0,-99.0,-99.0,-99.0,-99.0,-99.0,-99.0,-99.0,-99.0,-99.0,-99.0,-99.0,-99.0,-99.0,-99.0,-99.0,-99.0,-99.0,-99.0,-99.0,-99.0,4.713389,102.8908,b'3'
0.028,-0.782,b'00h00m06.76s',b'-00d46m53.68s',b'226961110001709',b'1',0,6.223179e-07,6.223179e-07,2.992,1.0,0.000430934,0.059,18.993,5.857,18.788,0.044,18.782,18.687,7,0,0,16,1,0,0,0,0,0,0,0,0,0,0,17,15,18.733,18.723,18.702,18.694,18.692,18.692,18.691,18.691,18.691,18.691,18.691,18.691,0.588,19.127,0.719,0.828,1.872,0.054,18.78,3.11,1.0,0.0004509374,0.073,19.057,6.639,18.799,0.047,18.79,18.687,6,0,0,17,2,0,0,0,0,0,0,0,0,0,0,20,15,83,95,95,18.737,18.723,18.709,18.698,18.692,18.692,18.691,18.691,18.691,18.691,18.691,18.691,18.753,0.006,21.248,1.068,17.688,0.707,0.833,18.758,1.835,0.056,18.782,0.161239,341.56665,b'4'
0.028,-0.782,b'00h00m06.75s',b'-00d46m53.80s',b'225922060002866',b'2',0,5.504859e-07,5.504859e-07,2.521,1.0,0.001480293,0.093,19.411,10.621,19.075,0.048,19.072,18.831,9,0,0,18,3,0,0,0,0,0,0,0,0,0,0,37,17,19.006,18.974,18.942,18.926,18.912,18.896,18.877,18.875,18.873,18.872,18.871,18.87,0.693,21.008,0.387,0.755,1.572,0.08,19.059,2.436,1.0,0.001318845,0.092,19.411,10.621,19.073,0.051,19.068,18.831,11,0,0,18,3,0,0,0,0,0,0,0,0,0,0,40,16,119,125,128,19.006,18.974,18.945,18.928,18.916,18.899,18.879,18.876,18.874,18.873,18.871,18.871,19.03,0.01,21.024,0.713,19.833,0.373,0.756,19.075,1.562,0.079,19.059,0.073574,299.056867,b'5'
0.028,-0.782,b'00h00m06.76s',b'-00d46m53.72s',b'226962110002703',b'2',0,8.179887e-07,8.179887e-07,2.864,1.0,8.023391e-05,0.097,19.493,7.349,19.09,0.052,19.081,18.771,12,1,0,37,2,0,0,0,0,0,0,0,0,0,0,66,15,19.012,18.985,18.971,18.958,18.947,18.945,18.929,18.922,18.911,18.901,18.893,18.888,0.662,30.736,0.457,0.77,1.632,0.08,19.067,2.755,1.0,7.695483e-05,0.097,19.493,7.349,19.089,0.052,19.081,18.771,13,1,0,38,2,0,0,0,0,0,0,0,0,0,0,71,15,201,211,211,19.018,18.985,18.968,18.952,18.946,18.94,18.904,18.888,18.876,18.866,18.858,18.853,19.069,0.011,21.361,0.511,29.356,0.441,0.768,19.099,1.596,0.08,19.068,0.111711,352.648297,b'6'
0.028,-0.782,b'00h00m06.76s',b'-00d46m53.76s',b'25922000001174',b'2',0,7.599096e-07,7.599096e-07,1.604,1.0,1.996753e-05,0.089,19.34,3.953,19.086,0.042,19.075,18.961,2,0,0,3,0,0,0,0,0,0,0,0,0,0,0,4,6,19.023,18.999,18.977,18.972,18.97,18.968,18.966,18.965,18.965,18.964,18.964,18.964,1.151,12.264,-0.165,0.742,1.689,0.073,19.076,1.604,1.0,1.996753e-05,0.089,19.34,3.953,19.086,0.042,19.075,18.961,2,0,0,3,0,0,0,0,0,0,0,0,0,0,0,4,6,17,17,18,19.023,18.999,18.977,18.972,18.97,18.968,18.966,18.965,18.965,18.964,18.964,18.964,19.059,0.026,20.983,1.151,12.264,-0.165,0.742,-99.0,1.689,0.073,19.076,0.086498,325.010484,b'7'
0.028,-0.782,b'00h00m06.76s',b'-00d46m53.75s',b'25921000001091',b'1',0,5.403684e-07,5.403684e-07,-99.0,1.118,0.001883128,2.661,29.894,93.715,19.814,0.049,18.826,18.685,0,0,0,26,11,0,0,0,0,0,0,0,0,0,0,180,15,18.771,18.75,18.735,18.732,18.726,18.721,18.715,18.714,18.714,18.713,18.713,18.713,2.392,-99.0,-99.0,-99.0,0.12,0.054,18.811,-99.0,1.118,0.001883128,2.661,29.894,93.715,19.814,0.049,18.826,18.685,0,0,0,26,11,0,0,0,0,0,0,0,0,0,0,180,15,206,206,206,18.771,18.75,18.735,18.732,18.726,18.721,18.715,18.714,18.714,18.713,18.713,18.713,18.789,0.01,21.089,2.392,-99.0,-99.0,-99.0,18.892,0.12,0.054,18.811,0.092565,339.445707,b'8'
0.028,-0.782,b'00h00m06.75s',b'-00d46m53.80s',b'26962055000717',b'2',1,0.0,-99.0,-99.0,-99.0,-99.0,-99.0,-99.0,-99.0,-99.0,-99.0,-99.0,-99.0,-99,-99,-99,-99,-99,-99,-99,-99,-99,-99,-99,-99,-99,-99,-99,-99,-99,-99.0,-99.0,-99.0,-99.0,-99.0,-99.0,-99.0,-99.0,-99.0,-99.0,-99.0,-99.0,-99.0,-99.0,-99.0,-99.0,-99.0,-99.0,-99.0,0.0,0.0,0.0,inf,0.0,0.0,0.0,0.0,0.0,0.0,0,0,0,0,0,0,0,0,0,0,0,0,0,0,0,0,0,0,4,8,0.0,0.0,0.0,0.0,0.0,0.0,0.0,0.0,0.0,0.0,0.0,0.0,0.0,0.0,0.0,0.0,0.0,0.0,0.0,19.105,0.0,0.0,0.0,0.067689,295.203178,b'9'
0.028,-0.782,b'00h00m06.76s',b'-00d46m53.75s',b'225921060001466',b'1',0,5.687016e-07,5.687016e-07,3.58,1.0,0.001693352,0.063,18.998,5.628,18.789,0.043,18.786,18.668,10,0,0,18,2,0,0,0,0,0,0,0,0,0,0,15,14,18.735,18.713,18.707,18.701,18.695,18.689,18.687,18.687,18.687,18.687,18.686,18.685,0.686,23.85,0.943,0.856,1.579,0.056,18.778,-99.0,1.0,0.002293566,0.119,19.772,38.579,18.807,0.048,18.793,18.668,0,0,0,7,2,1,0,0,0,0,0,0,0,0,0,62,15,86,107,108,18.739,18.713,18.703,18.698,18.697,18.693,18.687,18.687,18.687,18.687,18.687,18.687,18.771,0.009,21.097,5.183,-99.0,-99.0,-99.0,18.663,2.075,0.06,18.783,0.097583,331.559304,b'10'
0.029,20.741,b'00h00m06.94s',b'20d44m28.54s',b'36271060001311',b'1',0,1.922577e-07,1.922577e-07,1.16,1.0,0.0008851974,0.03,18.683,1.173,18.626,0.016,18.628,18.58,2,0,0,2,0,0,0,0,0,0,0,0,0,0,0,1,3,18.606,18.592,18.587,18.585,18.583,18.583,18.582,18.581,18.581,18.581,18.581,18.581,0.248,1.278,-0.16,0.805,1.408,0.028,18.623,1.16,1.0,0.0008851974,0.03,18.683,1.173,18.626,0.016,18.628,18.58,2,0,0,2,0,0,0,0,0,0,0,0,0,0,0,1,3,10,10,10,18.606,18.592,18.587,18.585,18.583,18.583,18.582,18.581,18.581,18.581,18.581,18.581,18.612,0.027,21.123,0.248,1.278,-0.16,0.805,18.636,1.408,0.028,18.623,0.081203,89.999996,b'0'
0.029,20.741,b'00h00m06.93s',b'20d44m28.56s',b'37242110004694',b'2',0,9.648093e-07,9.648093e-07,2.132,1.0,3.941702e-05,0.076,19.245,5.811,19.042,0.056,19.032,18.925,3,0,0,15,0,0,0,0,0,0,0,0,0,0,0,12,15,18.972,18.953,18.944,18.941,18.939,18.935,18.93,18.93,18.929,18.929,18.929,18.928,0.642,3.79,0.371,0.853,1.656,0.059,19.016,2.64,1.0,4.331683e-05,0.1,19.446,5.811,19.057,0.059,19.035,18.925,0,0,0,16,2,0,0,0,0,0,0,0,0,0,0,19,15,62,69,78,18.973,18.961,18.944,18.943,18.94,18.937,18.931,18.93,18.93,18.929,18.929,18.929,18.985,0.011,21.201,1.589,6.021,0.373,0.841,19.049,1.46,0.065,19.019,0.026261,352.390432,b'1'
0.029,20.741,b'00h00m06.93s',b'20d44m28.54s',b'37241110001430',b'1',0,1.688539e-07,1.688539e-07,2.84,1.0,-0.00120422,0.044,18.751,1.158,18.673,0.02,18.665,18.617,2,0,0,2,0,0,0,0,0,0,0,0,0,0,0,1,5,18.64,18.622,18.62,18.619,18.619,18.618,18.618,18.618,18.618,18.618,18.618,18.618,0.43,29.518,0.506,0.81,1.711,0.044,18.668,2.84,1.0,-0.00120422,0.044,18.751,1.158,18.673,0.02,18.665,18.617,2,0,0,2,0,0,0,0,0,0,0,0,0,0,0,1,5,9,9,9,18.64,18.622,18.62,18.619,18.619,18.618,18.618,18.618,18.618,18.618,18.618,18.618,18.69,0.015,21.3,0.43,29.518,0.506,0.81,18.672,1.711,0.044,18.668,0.007529,298.131239,b'2'
0.029,20.741,b'00h00m06.94s',b'20d44m28.54s',b'36272060003048',b'2',0,6.553367e-07,6.553367e-07,1.76,1.0,2.501904e-05,0.078,19.258,15.797,19.0,0.035,18.999,18.789,8,0,0,10,1,0,0,0,0,0,0,0,0,0,0,26,16,18.95,18.908,18.898,18.88,18.864,18.86,18.857,18.856,18.85,18.844,18.84,18.837,0.529,7.127,-0.034,0.753,1.842,0.061,18.992,1.656,1.0,2.253821e-05,0.076,19.258,15.797,19.001,0.035,18.999,18.789,8,0,0,11,1,0,0,0,0,0,0,0,0,0,0,28,16,69,74,76,18.953,18.914,18.9,18.884,18.868,18.861,18.857,18.857,18.854,18.848,18.844,18.841,19.016,0.013,21.0,0.511,6.406,-0.066,0.744,19.019,1.852,0.06,18.993,0.073702,84.447759,b'3'
0.030,29.950,b'00h00m07.29s',b'29d57m00.06s',b'41001110003302',b'1',0,3.827288e-07,3.827288e-07,10.041,1.0,2.956708e-05,0.019,14.851,0.515,14.813,0.012,14.81,14.788,0,0,0,6,0,0,0,0,0,0,0,0,0,0,0,2,12,14.797,14.792,14.79,14.789,14.789,14.788,14.788,14.788,14.788,14.788,14.788,14.788,0.556,142.101,1.756,0.881,0.974,0.014,14.806,-99.0,1.0,5.199674e-05,0.031,14.938,4.378,14.818,0.015,14.811,14.77,1,0,0,7,1,0,0,0,0,0,0,0,0,0,0,12,15,25,30,39,14.797,14.791,14.788,14.788,14.786,14.783,14.779,14.778,14.777,14.776,14.776,14.776,14.896,0.021,17.387,1.889,-99.0,-99.0,-99.0,14.918,1.114,0.015,14.806,0.488855,139.368778,b'0'
0.030,29.950,b'00h00m07.29s',b'29d57m00.10s',b'41002110006941',b'2',0,3.157111e-07,3.157111e-07,1.42,1.0,-1.688784e-06,0.007,15.455,0.841,15.435,0.005,15.435,15.419,14,0,0,14,0,0,0,0,0,0,0,0,0,0,0,15,14,15.43,15.426,15.425,15.424,15.424,15.424,15.422,15.421,15.421,15.42,15.42,15.42,0.152,2.989,0.034,0.819,1.636,0.006,15.435,2.077,1.0,6.871509e-07,0.012,15.511,1.903,15.437,0.005,15.435,15.419,2,0,0,5,2,1,0,0,0,0,0,0,0,0,0,44,14,86,89,104,15.43,15.427,15.425,15.425,15.424,15.424,15.422,15.421,15.421,15.421,15.42,15.42,15.45,0.008,17.731,3.631,24.415,0.053,0.752,15.661,1.767,0.008,15.436,0.456839,137.025632,b'1'
0.030,29.950,b'00h00m07.30s',b'29d57m00.04s',b'40101060002149',b'1',0,4.066939e-07,4.066939e-07,2.17,1.0,-0.0002327843,0.007,14.769,0.039,14.757,0.003,14.755,14.748,1,0,0,1,0,0,0,0,0,0,0,0,0,0,0,0,3,14.754,14.751,14.75,14.75,14.749,14.749,14.749,14.749,14.749,14.749,14.749,14.749,0.621,26.927,0.342,0.832,0.749,0.007,14.758,4.471,1.0,-0.0005705658,0.017,14.799,0.449,14.767,0.01,14.76,14.748,0,0,0,3,0,0,0,0,0,0,0,0,0,0,0,1,4,6,9,9,14.754,14.753,14.751,14.75,14.75,14.75,14.749,14.749,14.749,14.749,14.749,14.749,14.336,0.061,16.721,0.633,12.374,0.401,0.882,14.39,0.603,0.009,14.759,0.568688,133.142608,b'2'
0.030,29.950,b'00h00m07.30s',b'29d57m00.04s',b'40102060005676',b'2',0,4.055684e-07,4.055684e-07,1.757,1.0,7.991932e-07,0.007,15.46,0.586,15.441,0.006,15.441,15.427,10,0,0,9,0,0,0,0,0,0,0,0,0,0,0,9,14,15.434,15.432,15.43,15.43,15.429,15.429,15.429,15.428,15.428,15.428,15.428,15.428,0.223,4.284,0.407,0.839,1.637,0.007,15.441,2.105,1.0,3.756699e-06,0.011,15.49,0.996,15.443,0.006,15.442,15.418,4,0,0,9,2,0,0,0,0,0,0,0,0,0,0,21,13,63,70,70,15.434,15.432,15.43,15.429,15.429,15.428,15.428,15.427,15.427,15.426,15.425,15.425,15.44,0.011,17.407,1.375,9.073,0.418,0.822,15.641,1.201,0.008,15.441,0.561053,133.795254,b'3'
0.030,29.950,b'00h00m07.14s',b'29d57m00.20s',b'41002115002629',b'2',1,-99.0,-99.0,-99.0,-99.0,-99.0,-99.0,-99.0,-99.0,-99.0,-99.0,-99.0,-99.0,-99,-99,-99,-99,-99,-99,-99,-99,-99,-99,-99,-99,-99,-99,-99,-99,-99,-99.0,-99.0,-99.0,-99.0,-99.0,-99.0,-99.0,-99.0,-99.0,-99.0,-99.0,-99.0,-99.0,-99.0,-99.0,-99.0,-99.0,-99.0,-99.0,-99.0,-99.0,-99.0,-99.0,-99.0,-99.0,-99.0,-99.0,-99.0,-99.0,-99,-99,-99,-99,-99,-99,-99,-99,-99,-99,-99,-99,-99,-99,-99,-99,-99,0,0,2,-99.0,-99.0,-99.0,-99.0,-99.0,-99.0,-99.0,-99.0,-99.0,-99.0,-99.0,-99.0,-99.0,-99.0,-99.0,-99.0,-99.0,-99.0,-99.0,-99.0,-99.0,-99.0,-99.0,1.717111,262.162771,b'4'
0.030,-6.135,b'00h00m07.29s',b'-06d08m06.09s',b'24862110002470',b'2',0,8.760248e-07,8.760248e-07,2.259,1.0,2.389982e-05,0.073,18.412,6.786,18.212,0.035,18.205,18.027,4,0,0,7,0,0,0,0,0,0,0,0,0,0,0,14,13,18.166,18.133,18.117,18.109,18.101,18.096,18.078,18.072,18.068,18.064,18.061,18.059,0.424,9.142,0.428,0.801,1.414,0.05,18.201,2.199,1.0,2.936252e-05,0.077,18.45,72.641,18.217,0.036,18.205,18.027,4,0,0,8,1,0,0,0,0,0,0,0,0,0,0,16,13,47,52,52,18.166,18.134,18.119,18.112,18.104,18.098,18.083,18.077,18.072,18.068,18.065,18.063,18.19,0.017,20.512,0.718,7.909,0.377,0.797,18.241,1.548,0.049,18.202,0.094884,155.500849,b'0'
0.030,-6.135,b'00h00m07.30s',b'-06d08m06.12s',b'23822060002314',b'2',0,8.906553e-07,8.906553e-07,1.929,1.0,-1.822184e-05,0.057,18.347,5.094,18.224,0.039,18.231,18.053,7,1,0,5,0,0,0,0,0,0,0,0,0,0,0,10,15,18.178,18.164,18.148,18.134,18.125,18.119,18.097,18.092,18.088,18.085,18.082,18.081,-0.411,8.802,0.288,0.788,1.76,0.05,18.227,2.145,1.0,-2.087202e-05,0.074,18.356,11.746,18.227,0.043,18.234,17.918,4,1,0,4,0,0,0,0,0,0,0,0,0,0,0,12,13,40,48,48,18.183,18.163,18.137,18.113,18.083,18.065,18.024,18.012,18.003,17.995,17.989,17.985,18.221,0.017,20.411,-1.572,11.471,0.331,0.777,18.269,2.022,0.056,18.231,0.165403,134.283077,b'1'
0.064,17.648,b'00h00m15.44s',b'17d38m52.98s',b'35262055001025',b'2',1,-99.0,-99.0,-99.0,-99.0,-99.0,-99.0,-99.0,-99.0,-99.0,-99.0,-99.0,-99.0,-99,-99,-99,-99,-99,-99,-99,-99,-99,-99,-99,-99,-99,-99,-99,-99,-99,-99.0,-99.0,-99.0,-99.0,-99.0,-99.0,-99.0,-99.0,-99.0,-99.0,-99.0,-99.0,-99.0,-99.0,-99.0,-99.0,-99.0,-99.0,-99.0,-99.0,-99.0,-99.0,-99.0,-99.0,-99.0,-99.0,-99.0,-99.0,-99.0,-99,-99,-99,-99,-99,-99,-99,-99,-99,-99,-99,-99,-99,-99,-99,-99,-99,0,0,1,-99.0,-99.0,-99.0,-99.0,-99.0,-99.0,-99.0,-99.0,-99.0,-99.0,-99.0,-99.0,-99.0,-99.0,-99.0,-99.0,-99.0,-99.0,-99.0,-99.0,-99.0,-99.0,-99.0,4.584468,270.945203,b'0'
0.066,17.648,b'00h00m15.73s',b'17d38m53.01s',b'35262055001158',b'2',1,-99.0,-99.0,-99.0,-99.0,-99.0,-99.0,-99.0,-99.0,-99.0,-99.0,-99.0,-99.0,-99,-99,-99,-99,-99,-99,-99,-99,-99,-99,-99,-99,-99,-99,-99,-99,-99,-99.0,-99.0,-99.0,-99.0,-99.0,-99.0,-99.0,-99.0,-99.0,-99.0,-99.0,-99.0,-99.0,-99.0,-99.0,-99.0,-99.0,-99.0,-99.0,-99.0,-99.0,-99.0,-99.0,-99.0,-99.0,-99.0,-99.0,-99.0,-99.0,-99,-99,-99,-99,-99,-99,-99,-99,-99,-99,-99,-99,-99,-99,-99,-99,-99,1,2,5,-99.0,-99.0,-99.0,-99.0,-99.0,-99.0,-99.0,-99.0,-99.0,-99.0,-99.0,-99.0,-99.0,-99.0,-99.0,-99.0,-99.0,-99.0,-99.0,-99.0,-99.0,-99.0,-99.0,0.459961,282.642036,b'1'
0.066,17.648,b'00h00m15.87s',b'17d38m52.43s',b'35262055001772',b'2',1,-99.0,-99.0,-99.0,-99.0,-99.0,-99.0,-99.0,-99.0,-99.0,-99.0,-99.0,-99.0,-99,-99,-99,-99,-99,-99,-99,-99,-99,-99,-99,-99,-99,-99,-99,-99,-99,-99.0,-99.0,-99.0,-99.0,-99.0,-99.0,-99.0,-99.0,-99.0,-99.0,-99.0,-99.0,-99.0,-99.0,-99.0,-99.0,-99.0,-99.0,-99.0,-99.0,-99.0,-99.0,-99.0,-99.0,-99.0,-99.0,-99.0,-99.0,-99.0,-99,-99,-99,-99,-99,-99,-99,-99,-99,-99,-99,-99,-99,-99,-99,-99,-99,0,0,1,-99.0,-99.0,-99.0,-99.0,-99.0,-99.0,-99.0,-99.0,-99.0,-99.0,-99.0,-99.0,-99.0,-99.0,-99.0,-99.0,-99.0,-99.0,-99.0,-99.0,-99.0,-99.0,-99.0,1.518429,108.252873,b'2'
0.076,18.965,b'00h00m18.15s',b'18d57m55.80s',b'35272060005668',b'2',0,-99.0,-99.0,-99.0,-99.0,-99.0,-99.0,-99.0,-99.0,-99.0,-99.0,-99.0,-99.0,-99,-99,-99,-99,-99,-99,-99,-99,-99,-99,-99,-99,-99,-99,-99,-99,-99,-99.0,-99.0,-99.0,-99.0,-99.0,-99.0,-99.0,-99.0,-99.0,-99.0,-99.0,-99.0,-99.0,-99.0,-99.0,-99.0,-99.0,-99.0,-99.0,-99.0,-99.0,-99.0,-99.0,-99.0,-99.0,-99.0,-99.0,-99.0,-99.0,-99,-99,-99,-99,-99,-99,-99,-99,-99,-99,-99,-99,-99,-99,-99,-99,-99,0,0,62,-99.0,-99.0,-99.0,-99.0,-99.0,-99.0,-99.0,-99.0,-99.0,-99.0,-99.0,-99.0,-99.0,-99.0,-99.0,-99.0,-99.0,-99.0,-99.0,-99.0,-99.0,-99.0,-99.0,0.13773,105.169824,b'0'
0.075,22.301,b'00h00m18.07s',b'22d18m03.17s',b'37242055013265',b'2',1,-99.0,-99.0,-99.0,-99.0,-99.0,-99.0,-99.0,-99.0,-99.0,-99.0,-99.0,-99.0,-99,-99,-99,-99,-99,-99,-99,-99,-99,-99,-99,-99,-99,-99,-99,-99,-99,-99.0,-99.0,-99.0,-99.0,-99.0,-99.0,-99.0,-99.0,-99.0,-99.0,-99.0,-99.0,-99.0,-99.0,-99.0,-99.0,-99.0,-99.0,-99.0,-99.0,-99.0,-99.0,-99.0,-99.0,-99.0,-99.0,-99.0,-99.0,-99.0,-99,-99,-99,-99,-99,-99,-99,-99,-99,-99,-99,-99,-99,-99,-99,-99,-99,0,0,1,-99.0,-99.0,-99.0,-99.0,-99.0,-99.0,-99.0,-99.0,-99.0,-99.0,-99.0,-99.0,-99.0,-99.0,-99.0,-99.0,-99.0,-99.0,-99.0,-99.0,-99.0,-99.0,-99.0,4.66568,273.983452,b'0'
0.077,22.301,b'00h00m18.38s',b'22d18m02.67s',b'37242055004410',b'2',1,-99.0,-99.0,-99.0,-99.0,-99.0,-99.0,-99.0,-99.0,-99.0,-99.0,-99.0,-99.0,-99,-99,-99,-99,-99,-99,-99,-99,-99,-99,-99,-99,-99,-99,-99,-99,-99,-99.0,-99.0,-99.0,-99.0,-99.0,-99.0,-99.0,-99.0,-99.0,-99.0,-99.0,-99.0,-99.0,-99.0,-99.0,-99.0,-99.0,-99.0,-99.0,-99.0,-99.0,-99.0,-99.0,-99.0,-99.0,-99.0,-99.0,-99.0,-99.0,-99,-99,-99,-99,-99,-99,-99,-99,-99,-99,-99,-99,-99,-99,-99,-99,-99,0,0,1,-99.0,-99.0,-99.0,-99.0,-99.0,-99.0,-99.0,-99.0,-99.0,-99.0,-99.0,-99.0,-99.0,-99.0,-99.0,-99.0,-99.0,-99.0,-99.0,-99.0,-99.0,-99.0,-99.0,0.459324,247.363021,b'1'
0.077,22.301,b'00h00m18.41s',b'22d18m02.82s',b'36272000005966',b'2',0,3.302668e-07,3.302668e-07,4.243,1.0,-1.458582e-06,0.009,14.565,0.345,14.552,0.005,14.554,14.515,4,1,0,3,0,0,0,0,0,0,0,0,0,0,0,11,16,14.546,14.545,14.543,14.542,14.542,14.541,14.533,14.531,14.529,14.528,14.527,14.526,-1.886,204.623,0.824,0.717,1.859,0.009,14.553,7.133,1.0,-8.621686e-06,0.052,14.849,3.719,14.561,0.006,14.554,14.478,1,0,0,2,2,1,0,0,0,0,0,0,0,0,0,42,16,42,48,77,14.545,14.543,14.533,14.516,14.515,14.515,14.507,14.504,14.501,14.499,14.497,14.496,14.556,0.013,16.613,4.111,179.473,0.827,0.746,14.654,2.287,0.009,14.553,0.035975,226.597465,b'2'
0.077,22.301,b'00h00m18.40s',b'22d18m02.82s',b'36271000002711',b'1',0,-99.0,-99.0,-99.0,-99.0,-99.0,-99.0,-99.0,-99.0,-99.0,-99.0,-99.0,-99.0,-99,-99,-99,-99,-99,-99,-99,-99,-99,-99,-99,-99,-99,-99,-99,-99,-99,-99.0,-99.0,-99.0,-99.0,-99.0,-99.0,-99.0,-99.0,-99.0,-99.0,-99.0,-99.0,-99.0,-99.0,-99.0,-99.0,-99.0,-99.0,-99.0,-99.0,-99.0,-99.0,-99.0,-99.0,-99.0,-99.0,-99.0,-99.0,-99.0,-99,-99,-99,-99,-99,-99,-99,-99,-99,-99,-99,-99,-99,-99,-99,-99,-99,0,1,10,-99.0,-99.0,-99.0,-99.0,-99.0,-99.0,-99.0,-99.0,-99.0,-99.0,-99.0,-99.0,-99.0,-99.0,-99.0,-99.0,-99.0,-99.0,-99.0,-99.0,-99.0,-99.0,-99.0,0.062614,246.008422,b'3'
0.094,-10.862,b'00h00m22.56s',b'-10d51m42.35s',b'21732060000617',b'2',0,1.664648e-06,1.664648e-06,3.804,1.0,-4.926222e-05,0.192,19.437,3.69,18.939,0.054,18.882,18.679,1,0,0,2,0,0,0,0,0,0,0,0,0,0,0,4,7,18.833,18.823,18.769,18.742,18.727,18.718,18.705,18.702,18.7,18.698,18.696,18.695,1.25,40.292,0.314,0.747,2.317,0.123,18.879,4.201,1.0,-5.409622e-05,0.185,19.437,3.69,18.957,0.082,18.897,18.679,1,0,0,3,0,0,0,0,0,0,0,0,0,0,0,3,8,12,14,14,18.833,18.825,18.785,18.753,18.736,18.725,18.71,18.706,18.704,18.701,18.7,18.698,19.09,0.07,21.231,1.02,40.458,1.079,0.802,18.954,2.269,0.134,18.899,0.320627,128.265643,b'0'
0.095,-0.110,b'00h00m22.90s',b'-00d06m35.47s',b'25921000002630',b'1',0,7.347915e-07,7.347915e-07,-99.0,1.118,0.00187291,2.653,29.29,94.897,19.234,0.026,18.247,18.148,0,0,0,26,11,0,0,0,0,0,0,0,0,0,0,180,15,18.22,18.206,18.197,18.196,18.194,18.194,18.189,18.188,18.187,18.186,18.185,18.184,2.392,-99.0,-99.0,-99.0,0.12,0.031,18.239,-99.0,1.118,0.00187291,2.653,29.29,94.897,19.234,0.026,18.247,18.148,0,0,0,26,11,0,0,0,0,0,0,0,0,0,0,180,15,206,206,206,18.22,18.206,18.197,18.196,18.194,18.194,18.189,18.188,18.187,18.186,18.185,18.184,18.247,0.008,20.471,2.392,-99.0,-99.0,-99.0,18.313,0.12,0.031,18.239,0.312842,39.889531,b'0'
0.095,-0.110,b'00h00m22.89s',b'-00d06m35.50s',b'225921060003447',b'1',0,4.534721e-07,4.534721e-07,1.62,1.0,0.0004714652,0.027,18.294,2.425,18.201,0.017,18.198,18.154,9,0,0,17,1,0,0,0,0,0,0,0,0,0,0,17,12,18.181,18.171,18.164,18.162,18.161,18.16,18.158,18.158,18.157,18.157,18.157,18.157,0.798,4.386,0.052,0.812,1.134,0.025,18.198,-99.0,1.0,0.001823268,0.145,19.599,25.912,18.222,0.022,18.204,17.878,2,0,0,4,1,1,0,0,0,0,0,0,0,0,0,101,13,86,110,110,18.182,18.172,18.163,18.16,18.158,18.156,18.131,18.105,18.085,18.068,18.055,18.047,18.2,0.008,20.462,7.654,-99.0,-99.0,-99.0,18.088,1.584,0.029,18.202,0.246941,32.535019,b'1'
0.095,-0.110,b'00h00m22.89s',b'-00d06m35.49s',b'25922000002782',b'2',0,7.395107e-07,7.395107e-07,2.2,1.0,-2.662468e-05,0.067,18.893,4.445,18.748,0.049,18.75,18.64,1,0,0,4,0,0,0,0,0,0,0,0,0,0,0,0,8,18.693,18.677,18.674,18.664,18.658,18.655,18.65,18.648,18.648,18.647,18.646,18.646,0.43,8.58,0.487,0.849,2.64,0.062,18.729,2.2,1.0,-2.662468e-05,0.067,18.893,4.445,18.748,0.049,18.75,18.64,1,0,0,4,0,0,0,0,0,0,0,0,0,0,0,0,8,18,18,18,18.693,18.677,18.674,18.664,18.658,18.655,18.65,18.648,18.648,18.647,18.646,18.646,18.754,0.029,20.632,0.43,8.58,0.487,0.849,-99.0,2.64,0.062,18.729,0.232152,13.392474,b'2'
0.095,-0.110,b'00h00m22.89s',b'-00d06m35.55s',b'225922060006440',b'2',0,3.86644e-07,3.86644e-07,2.075,1.0,0.0004800697,0.067,18.956,188.601,18.702,0.031,18.7,18.474,14,1,0,16,2,0,0,0,0,0,0,0,0,0,0,49,13,18.649,18.623,18.608,18.605,18.599,18.587,18.583,18.579,18.576,18.573,18.571,18.57,0.562,12.362,0.244,0.764,1.624,0.054,18.694,2.028,1.0,0.0005389539,0.067,18.956,188.601,18.702,0.031,18.7,18.474,15,1,0,17,2,0,0,0,0,0,0,0,0,0,0,52,14,120,126,128,18.649,18.623,18.608,18.605,18.602,18.589,18.584,18.581,18.577,18.575,18.572,18.571,18.665,0.009,20.788,0.575,11.737,0.223,0.765,18.704,1.66,0.054,18.694,0.17914,21.370587,b'3'
0.098,15.463,b'00h00m23.43s',b'15d27m46.35s',b'33242000007402',b'2',0,5.016221e-07,5.016221e-07,1.767,1.0,0.0001301076,0.082,19.406,4.411,19.095,0.044,19.079,18.96,2,0,0,7,1,0,0,0,0,0,0,0,0,0,0,11,13,19.036,19.018,19.008,18.997,18.98,18.97,18.961,18.96,18.96,18.96,18.96,18.96,1.304,5.718,0.002,0.831,1.423,0.058,19.077,1.704,1.0,0.0001306629,0.081,19.406,4.411,19.091,0.042,19.077,18.96,3,0,0,9,1,0,0,0,0,0,0,0,0,0,0,13,13,51,55,58,19.035,19.015,18.998,18.967,18.961,18.961,18.961,18.96,18.96,18.96,18.96,18.96,19.065,0.015,20.967,1.292,5.56,0.001,0.816,19.097,1.363,0.058,19.076,0.337661,23.60887,b'0'
0.101,5.409,b'00h00m24.26s',b'05d24m33.24s',b'29071060002159',b'1',0,6.166788e-07,6.166788e-07,-99.0,1.0,2.072562e-05,0.081,19.433,13.479,18.991,0.037,18.978,18.817,8,0,0,18,4,1,0,0,0,0,0,0,0,0,0,67,15,18.935,18.923,18.901,18.89,18.889,18.888,18.884,18.882,18.881,18.878,18.875,18.874,2.238,-99.0,-99.0,-99.0,1.482,0.054,18.976,-99.0,1.0,1.866223e-05,0.079,19.433,13.479,18.99,0.039,18.978,18.817,9,0,0,19,4,1,0,0,0,0,0,0,0,0,0,71,15,151,162,162,18.935,18.923,18.9,18.89,18.888,18.887,18.882,18.881,18.881,18.88,18.877,18.876,18.997,0.014,21.34,2.253,-99.0,-99.0,-99.0,19.04,1.468,0.054,18.976,0.140446,100.220068,b'0'
0.101,5.409,b'00h00m24.26s',b'05d24m33.24s',b'29072060004485',b'2',0,1.011432e-06,1.011432e-06,2.14,1.0,1.719742e-05,0.118,19.848,11.423,19.483,0.055,19.476,19.136,9,0,0,9,1,0,0,0,0,0,0,0,0,0,0,23,13,19.398,19.338,19.321,19.299,19.286,19.279,19.275,19.275,19.274,19.261,19.251,19.245,0.412,13.01,0.107,0.779,1.755,0.091,19.469,2.219,1.0,9.151694e-06,0.133,19.992,11.423,19.489,0.061,19.472,19.136,7,0,0,10,1,0,0,0,0,0,0,0,0,0,0,31,13,76,83,85,19.397,19.342,19.322,19.305,19.29,19.28,19.276,19.275,19.274,19.273,19.262,19.255,19.441,0.017,21.587,0.974,13.62,0.096,0.772,19.518,1.831,0.095,19.47,0.140244,101.940313,b'1'
0.138,29.483,b'00h00m33.16s',b'29d28m57.56s',b'40102060002256',b'2',0,7.562016e-07,7.562016e-07,3.239,1.0,-7.84411e-05,0.138,19.944,10.07,19.305,0.074,19.303,18.938,3,0,0,9,1,0,0,0,0,0,0,0,0,0,0,21,14,19.212,19.151,19.136,19.121,19.11,19.107,19.104,19.088,19.073,19.061,19.051,19.045,1.301,28.252,0.62,0.791,1.87,0.108,19.271,4.369,1.0,-0.00015971,0.188,20.336,10.07,19.326,0.077,19.303,18.938,1,0,0,7,2,1,0,0,0,0,0,0,0,0,0,35,12,62,67,68,19.217,19.16,19.137,19.125,19.111,19.108,19.105,19.101,19.084,19.071,19.06,19.054,19.254,0.016,21.42,2.699,81.849,0.625,0.742,19.529,2.084,0.124,19.276,0.151357,67.328209,b'0'
0.138,29.483,b'00h00m33.15s',b'29d28m57.57s',b'40101060000821',b'1',0,5.330384e-07,5.330384e-07,1.156,1.0,0.00116417,0.038,19.016,2.644,18.983,0.018,18.998,18.93,1,0,0,1,0,0,0,0,0,0,0,0,0,0,0,0,3,18.94,18.935,18.933,18.932,18.931,18.931,18.931,18.931,18.93,18.93,18.93,18.93,-0.448,-0.426,0.233,0.928,1.147,0.04,18.978,0.744,1.0,0.0006708457,0.031,19.016,2.644,18.979,0.019,18.985,18.93,2,0,0,2,0,0,0,0,0,0,0,0,0,0,0,0,5,6,9,9,18.955,18.938,18.935,18.933,18.932,18.932,18.931,18.931,18.931,18.931,18.931,18.931,18.579,0.066,21.046,-0.281,-2.466,-0.191,0.858,18.603,1.383,0.032,18.976,0.11226,52.063047,b'1'
0.142,-5.490,b'00h00m34.08s',b'-05d29m22.39s',b'23822000000564',b'2',0,4.457684e-07,4.457684e-07,2.182,1.0,8.098012e-06,0.028,17.256,2.873,17.177,0.013,17.174,17.097,2,0,0,7,0,0,0,0,0,0,0,0,0,0,0,13,14,17.158,17.148,17.146,17.145,17.144,17.143,17.127,17.124,17.121,17.119,17.117,17.116,0.281,10.953,0.294,0.781,1.942,0.023,17.173,2.702,1.0,1.325215e-05,0.052,17.43,12.813,17.182,0.016,17.177,17.05,3,0,0,5,1,0,0,0,0,0,0,0,0,0,0,25,16,40,48,48,17.155,17.147,17.13,17.099,17.098,17.098,17.087,17.083,17.08,17.077,17.075,17.073,17.17,0.021,19.439,1.856,12.838,0.39,0.805,17.238,1.909,0.026,17.174,0.293604,99.850395,b'0'
0.142,-1.139,b'00h00m34.09s',b'-01d08m20.11s',b'25922000000063',b'2',0,4.40522e-07,4.40522e-07,2.995,1.0,-2.828898e-06,0.051,18.069,1.829,17.988,0.043,17.991,17.904,2,0,0,4,0,0,0,0,0,0,0,0,0,0,0,3,8,17.939,17.92,17.913,17.911,17.909,17.908,17.907,17.906,17.906,17.906,17.906,17.906,-0.023,22.391,0.67,0.806,1.801,0.048,17.975,2.995,1.0,-2.828898e-06,0.051,18.069,1.829,17.988,0.043,17.991,17.904,2,0,0,4,0,0,0,0,0,0,0,0,0,0,0,3,8,15,15,18,17.939,17.92,17.913,17.911,17.909,17.908,17.907,17.906,17.906,17.906,17.906,17.906,17.976,0.02,20.089,-0.023,22.391,0.67,0.806,-99.0,1.801,0.048,17.975,0.214227,99.621594,b'0'
0.142,-1.139,b'00h00m34.09s',b'-01d08m20.15s',b'25921000000062',b'1',0,2.159839e-07,2.159839e-07,2.633,1.0,-9.400604e-06,0.038,18.07,2.492,17.786,0.017,17.778,17.732,3,0,0,24,2,2,0,0,0,0,0,0,0,0,0,81,16,17.761,17.752,17.747,17.746,17.745,17.743,17.741,17.74,17.74,17.739,17.739,17.738,3.462,18.588,0.37,0.799,1.662,0.025,17.778,2.633,1.0,-9.400604e-06,0.038,18.07,2.492,17.786,0.017,17.778,17.732,3,0,0,24,2,2,0,0,0,0,0,0,0,0,0,81,16,165,165,174,17.761,17.752,17.747,17.746,17.745,17.743,17.741,17.74,17.74,17.739,17.739,17.738,17.769,0.007,20.144,3.462,18.588,0.37,0.799,17.867,1.662,0.025,17.778,0.252895,106.623861,b'1'
0.142,-1.139,b'00h00m34.10s',b'-01d08m20.04s',b'225922060000199',b'2',0,4.043906e-07,4.043906e-07,2.388,1.0,0.0003262009,0.055,18.34,76.215,18.021,0.029,18.013,17.906,6,0,0,20,1,1,0,0,0,0,0,0,0,0,0,47,14,17.983,17.965,17.956,17.95,17.949,17.947,17.929,17.928,17.927,17.926,17.926,17.926,1.922,13.14,0.35,0.798,1.585,0.041,18.009,2.365,1.0,0.0002002284,0.055,18.34,76.215,18.019,0.029,18.013,17.906,7,0,0,22,1,1,0,0,0,0,0,0,0,0,0,50,14,122,128,128,17.982,17.961,17.954,17.95,17.946,17.932,17.927,17.926,17.926,17.926,17.925,17.925,17.973,0.006,20.346,1.826,12.832,0.352,0.8,18.022,1.532,0.041,18.008,0.29986,83.810172,b'2'
0.142,-1.139,b'00h00m34.10s',b'-01d08m20.05s',b'225921060000095',b'1',0,6.934385e-07,6.934385e-07,1.343,1.0,0.0001684269,0.019,17.812,1.536,17.762,0.013,17.763,17.713,11,0,0,12,0,0,0,0,0,0,0,0,0,0,0,19,14,17.747,17.738,17.734,17.733,17.731,17.729,17.721,17.719,17.717,17.716,17.716,17.715,0.14,2.381,-0.086,0.807,2.002,0.018,17.761,-99.0,1.0,0.000424797,0.064,18.214,13.606,17.771,0.014,17.763,17.669,2,0,0,5,2,2,0,0,0,0,0,0,0,0,0,83,15,86,110,110,17.745,17.735,17.732,17.72,17.714,17.713,17.708,17.705,17.703,17.701,17.699,17.698,17.756,0.007,20.202,5.432,-99.0,-99.0,-99.0,17.636,1.059,0.021,17.762,0.302323,84.5586,b'3'
0.144,20.546,b'00h00m34.58s',b'20d32m43.87s',b'36271060000875',b'1',0,2.104371e-07,2.104371e-07,1.267,1.0,-0.0002522842,0.033,18.797,0.562,18.757,0.03,18.757,18.714,2,0,0,3,0,0,0,0,0,0,0,0,0,0,0,0,4,18.728,18.716,18.715,18.715,18.715,18.715,18.714,18.714,18.714,18.714,18.714,18.714,-0.04,-0.346,0.114,0.934,1.311,0.032,18.754,1.267,1.0,-0.0002522842,0.033,18.797,0.562,18.757,0.03,18.757,18.714,2,0,0,3,0,0,0,0,0,0,0,0,0,0,0,0,4,10,10,10,18.728,18.716,18.715,18.715,18.715,18.715,18.714,18.714,18.714,18.714,18.714,18.714,18.778,0.027,21.241,-0.04,-0.346,0.114,0.934,18.767,1.311,0.032,18.754,0.02932,263.233009,b'0'
0.144,20.546,b'00h00m34.59s',b'20d32m43.84s',b'36272060001975',b'2',0,7.453841e-07,7.453841e-07,2.468,1.0,-1.460468e-05,0.135,20.02,7.437,19.219,0.058,19.198,18.985,2,0,0,6,1,1,0,0,0,0,0,0,0,0,0,34,15,19.132,19.105,19.093,19.087,19.078,19.06,19.029,19.022,19.018,19.015,19.013,19.011,3.131,15.983,0.248,0.779,1.622,0.083,19.194,2.305,1.0,-1.555674e-05,0.13,20.02,7.437,19.22,0.056,19.2,18.985,2,0,0,8,1,1,0,0,0,0,0,0,0,0,0,37,15,69,75,76,19.143,19.109,19.095,19.091,19.081,19.069,19.035,19.027,19.021,19.018,19.015,19.014,19.181,0.016,21.167,3.208,14.34,0.213,0.767,19.237,1.644,0.081,19.195,0.064472,123.721296,b'1'
0.147,31.148,b'00h00m35.33s',b'31d08m51.10s',b'40102000005824',b'2',0,2.992557e-07,2.992557e-07,4.079,1.0,-1.931318e-06,0.048,18.089,3.512,17.968,0.021,17.971,17.817,8,1,0,9,0,0,0,0,0,0,0,0,0,0,0,21,16,17.939,17.906,17.896,17.883,17.871,17.87,17.868,17.864,17.859,17.855,17.852,17.85,-0.283,66.132,0.708,0.734,2.061,0.043,17.965,3.936,1.0,-1.190145e-05,0.053,18.089,3.563,17.966,0.022,17.965,17.817,11,0,0,9,0,0,0,0,0,0,0,0,0,0,0,21,14,63,70,70,17.932,17.897,17.883,17.87,17.868,17.861,17.846,17.842,17.84,17.838,17.836,17.835,17.967,0.014,20.143,-0.143,59.593,0.714,0.747,18.149,2.012,0.044,17.965,0.189942,80.218705,b'0'
0.147,31.148,b'00h00m35.34s',b'31d08m51.09s',b'40101000003074',b'1',0,1.781934e-07,1.781934e-07,10.316,1.0,-0.0002064845,0.047,17.806,0.567,17.724,0.016,17.735,17.666,3,0,0,1,0,0,0,0,0,0,0,0,0,0,0,1,3,17.67,17.667,17.667,17.666,17.666,17.666,17.666,17.666,17.666,17.666,17.666,17.666,0.097,392.37,2.116,0.845,2.139,0.044,17.724,10.316,1.0,-0.0002064845,0.047,17.806,0.567,17.724,0.016,17.735,17.666,3,0,0,1,0,0,0,0,0,0,0,0,0,0,0,1,3,9,9,9,17.67,17.667,17.667,17.666,17.666,17.666,17.666,17.666,17.666,17.666,17.666,17.666,17.737,0.015,20.12,0.097,392.37,2.116,0.845,17.7,2.139,0.044,17.724,0.22102,86.285917,b'1'
0.179,1.539,b'00h00m42.88s',b'01d32m21.61s',b'26972000001736',b'2',0,2.057995e-07,2.057995e-07,0.781,1.0,2.159291e-06,0.007,16.393,0.176,16.383,0.006,16.383,16.371,1,0,0,3,0,0,0,0,0,0,0,0,0,0,0,0,5,16.377,16.375,16.374,16.373,16.372,16.372,16.372,16.372,16.372,16.372,16.372,16.372,-0.177,-2.181,-0.246,0.862,1.471,0.007,16.382,0.781,1.0,2.159291e-06,0.007,16.393,0.176,16.383,0.006,16.383,16.371,1,0,0,3,0,0,0,0,0,0,0,0,0,0,0,0,5,10,10,20,16.377,16.375,16.374,16.373,16.372,16.372,16.372,16.372,16.372,16.372,16.372,16.372,16.279,0.016,18.505,-0.177,-2.181,-0.246,0.862,16.397,1.471,0.007,16.382,0.189169,130.374742,b'0'
0.179,1.539,b'00h00m42.89s',b'01d32m21.52s',b'26971000001974',b'1',0,1.545498e-07,1.545498e-07,1.462,1.0,-4.271151e-06,0.009,16.224,0.194,16.199,0.005,16.197,16.184,1,0,0,4,0,0,0,0,0,0,0,0,0,0,0,4,11,16.194,16.191,16.189,16.188,16.187,16.186,16.185,16.185,16.185,16.185,16.185,16.185,0.837,4.947,-0.16,0.776,1.272,0.008,16.197,1.908,1.0,-7.168351e-05,0.022,16.265,0.194,16.201,0.006,16.198,16.136,1,0,0,3,1,0,0,0,0,0,0,0,0,0,0,13,13,21,24,136,16.193,16.19,16.185,16.18,16.17,16.163,16.154,16.152,16.15,16.149,16.148,16.147,16.171,0.003,18.529,0.083,7.605,-0.145,0.778,16.376,1.508,0.01,16.197,0.37875,123.398016,b'1'
0.197,22.677,b'00h00m47.38s',b'22d40m37.36s',b'37252060001598',b'2',0,5.522294e-07,5.522294e-07,1.59,1.0,1.055494e-05,0.09,19.861,12.293,19.528,0.052,19.524,19.303,10,0,0,9,2,0,0,0,0,0,0,0,0,0,0,23,15,19.452,19.421,19.412,19.404,19.398,19.393,19.384,19.383,19.381,19.38,19.375,19.372,0.756,5.632,0.057,0.799,1.929,0.076,19.521,1.67,1.0,1.719002e-05,0.097,19.861,12.293,19.523,0.053,19.52,19.226,12,1,0,10,1,0,0,0,0,0,0,0,0,0,0,29,15,86,93,94,19.447,19.416,19.394,19.385,19.384,19.381,19.344,19.331,19.32,19.312,19.305,19.301,19.49,0.014,21.556,0.411,6.427,0.079,0.791,19.52,1.999,0.08,19.518,0.054637,74.839908,b'0'
0.217,27.401,b'00h00m52.03s',b'27d24m05.07s',b'39172065003869',b'2',1,-99.0,-99.0,-99.0,-99.0,-99.0,-99.0,-99.0,-99.0,-99.0,-99.0,-99.0,-99.0,-99,-99,-99,-99,-99,-99,-99,-99,-99,-99,-99,-99,-99,-99,-99,-99,-99,-99.0,-99.0,-99.0,-99.0,-99.0,-99.0,-99.0,-99.0,-99.0,-99.0,-99.0,-99.0,-99.0,-99.0,-99.0,-99.0,-99.0,-99.0,-99.0,-99.0,-99.0,-99.0,-99.0,-99.0,-99.0,-99.0,-99.0,-99.0,-99.0,-99,-99,-99,-99,-99,-99,-99,-99,-99,-99,-99,-99,-99,-99,-99,-99,-99,0,0,1,-99.0,-99.0,-99.0,-99.0,-99.0,-99.0,-99.0,-99.0,-99.0,-99.0,-99.0,-99.0,-99.0,-99.0,-99.0,-99.0,-99.0,-99.0,-99.0,-99.0,-99.0,-99.0,-99.0,2.381013,95.376531,b'0'
0.216,27.401,b'00h00m51.86s',b'27d24m05.34s',b'39172060002875',b'2',0,7.344503e-07,7.344503e-07,2.88,1.0,2.605948e-05,0.111,19.517,14.759,19.148,0.077,19.142,18.883,10,0,0,18,1,0,0,0,0,0,0,0,0,0,0,21,15,19.057,19.025,18.999,18.983,18.963,18.952,18.925,18.915,18.907,18.901,18.896,18.893,0.303,19.83,0.566,0.815,1.979,0.095,19.134,2.907,1.0,3.082889e-05,0.123,19.692,14.759,19.155,0.079,19.15,18.883,11,0,0,19,2,0,0,0,0,0,0,0,0,0,0,32,15,101,109,118,19.058,19.022,18.997,18.968,18.949,18.938,18.921,18.913,18.907,18.902,18.898,18.895,19.115,0.015,21.32,0.83,19.071,0.55,0.816,19.798,2.234,0.096,19.136,0.12534,69.932191,b'1'
0.216,27.401,b'00h00m51.85s',b'27d24m05.35s',b'39171060001345',b'1',0,2.262594e-07,2.262594e-07,1.081,1.0,-0.0001145669,0.037,18.746,2.544,18.669,0.019,18.665,18.626,0,0,0,1,0,0,0,0,0,0,0,0,0,0,0,1,4,18.644,18.636,18.632,18.63,18.629,18.629,18.628,18.628,18.628,18.628,18.627,18.627,0.899,-0.823,-0.314,0.818,2.164,0.027,18.659,1.081,1.0,-0.0001145669,0.037,18.746,2.544,18.669,0.019,18.665,18.626,0,0,0,1,0,0,0,0,0,0,0,0,0,0,0,1,4,8,8,10,18.644,18.636,18.632,18.63,18.629,18.629,18.628,18.628,18.628,18.628,18.627,18.627,18.649,0.016,21.039,0.899,-0.823,-0.314,0.818,18.725,2.164,0.027,18.659,0.118801,60.612317,b'2'
